<?xml version="1.0" encoding="UTF-8"?>
<project-private xmlns="http://www.netbeans.org/ns/project-private/1">
    <editor-bookmarks xmlns="http://www.netbeans.org/ns/editor-bookmarks/2" lastBookmarkId="1"/>
    <open-files xmlns="http://www.netbeans.org/ns/projectui-open-files/2">
        <group>
            <file>file:/C:/Users/MichaL/Downloads/bombo_recal-master/bombo_recal-master/sorrow.ita.bomberman/src/ita/bombermangame/Kim.java</file>
            <file>file:/C:/Users/MichaL/Downloads/bombo_recal-master/bombo_recal-master/sorrow.ita.bomberman/src/ita/bombermangame/App.java</file>
            <file>file:/C:/Users/MichaL/Downloads/bombo_recal-master/bombo_recal-master/sorrow.ita.bomberman/src/ita/bombermangame/Bomb.java</file>
            <file>file:/C:/Users/MichaL/Downloads/bombo_recal-master/bombo_recal-master/sorrow.ita.bomberman/src/ita/bombermangame/Trump.java</file>
            <file>file:/C:/Users/MichaL/Downloads/bombo_recal-master/bombo_recal-master/sorrow.ita.bomberman/src/ita/bombermangame/BreakableBlock.java</file>
            <file>file:/C:/Users/MichaL/Downloads/bombo_recal-master/bombo_recal-master/sorrow.ita.bomberman/src/ita/bombermangame/Charakter.java</file>
            <file>file:/C:/Users/MichaL/Downloads/bombo_recal-master/bombo_recal-master/sorrow.ita.bomberman/src/ita/bombermangame/Brett.java</file>
        </group>
    </open-files>
</project-private>
