<?xml version="1.0" encoding="UTF-8"?>
<project-private xmlns="http://www.netbeans.org/ns/project-private/1">
    <editor-bookmarks xmlns="http://www.netbeans.org/ns/editor-bookmarks/2" lastBookmarkId="0"/>
    <open-files xmlns="http://www.netbeans.org/ns/projectui-open-files/2">
        <group>
            <file>file:/home/17ITAO2/ala_pascal/NetBeansProjects/sorrow.ita.bomberman/src/ita/bombermangame/Trump.java</file>
            <file>file:/home/17ITAO2/ala_pascal/NetBeansProjects/sorrow.ita.bomberman/src/ita/bombermangame/Brett.java</file>
            <file>file:/home/17ITAO2/ala_pascal/NetBeansProjects/sorrow.ita.bomberman/src/ita/bombermangame/Kim.java</file>
            <file>file:/home/17ITAO2/ala_pascal/NetBeansProjects/sorrow.ita.bomberman/src/ita/bombermangame/App.java</file>
            <file>file:/home/17ITAO2/ala_pascal/NetBeansProjects/sorrow.ita.bomberman/src/ita/bombermangame/sprites/mauer/mauergeil.png</file>
            <file>file:/home/17ITAO2/ala_pascal/NetBeansProjects/sorrow.ita.bomberman/src/ita/bombermangame/Charakter.java</file>
            <file>file:/home/17ITAO2/ala_pascal/NetBeansProjects/sorrow.ita.bomberman/src/ita/bombermangame/sprites/mauer/pixelmauermitte.png</file>
            <file>file:/home/17ITAO2/ala_pascal/NetBeansProjects/sorrow.ita.bomberman/src/ita/bombermangame/sprites/mauer/pixels.png</file>
        </group>
    </open-files>
</project-private>
