<?xml version="1.0" encoding="UTF-8"?>
<project-private xmlns="http://www.netbeans.org/ns/project-private/1">
    <editor-bookmarks xmlns="http://www.netbeans.org/ns/editor-bookmarks/2" lastBookmarkId="0"/>
    <open-files xmlns="http://www.netbeans.org/ns/projectui-open-files/2">
        <group>
            <file>file:/E:/Oberstufenprojekttest/src/Oberstufenprojekt/Figur.java</file>
            <file>file:/E:/Oberstufenprojekttest/src/Oberstufenprojekt/Variablen.java</file>
            <file>file:/E:/Oberstufenprojekttest/src/Oberstufenprojekt/Kollision.java</file>
            <file>file:/E:/Oberstufenprojekttest/src/Oberstufenprojekt/TestFeld.java</file>
            <file>file:/E:/Oberstufenprojekttest/src/Oberstufenprojekt/TestSpielfeld.java</file>
            <file>file:/E:/Oberstufenprojekttest/src/Oberstufenprojekt/Oberfläche.java</file>
            <file>file:/E:/Oberstufenprojekttest/src/Oberstufenprojekt/Spielfeld.java</file>
            <file>file:/E:/Oberstufenprojekttest/src/Oberstufenprojekt/Bombe.java</file>
        </group>
    </open-files>
</project-private>
