<?xml version="1.0" encoding="UTF-8"?>
<project-private xmlns="http://www.netbeans.org/ns/project-private/1">
    <editor-bookmarks xmlns="http://www.netbeans.org/ns/editor-bookmarks/2" lastBookmarkId="0"/>
    <open-files xmlns="http://www.netbeans.org/ns/projectui-open-files/2">
        <group>
            <file>file:/home/17ITAO2/heindani/NetBeansProjects/Bomberman/src/bomberman/Kollision.java</file>
            <file>file:/home/17ITAO2/heindani/NetBeansProjects/Bomberman/src/bomberman/Variablen.java</file>
            <file>file:/home/17ITAO2/heindani/NetBeansProjects/Bomberman/src/bomberman/Figur.java</file>
            <file>file:/home/17ITAO2/heindani/NetBeansProjects/Bomberman/src/bomberman/GUIComponent.java</file>
            <file>file:/home/17ITAO2/heindani/NetBeansProjects/Bomberman/src/bomberman/BombermanPanel.java</file>
            <file>file:/home/17ITAO2/heindani/NetBeansProjects/Bomberman/src/bomberman/Bomberman.java</file>
            <file>file:/home/17ITAO2/heindani/NetBeansProjects/Bomberman/src/bomberman/BombermanThread.java</file>
            <file>file:/home/17ITAO2/heindani/NetBeansProjects/Bomberman/src/bomberman/activity.java</file>
        </group>
    </open-files>
</project-private>
